{
  "n1": 0.006737946999085467,
  "n2": 2.5843221007159602,
  "n3": 0.022128568155259022
}